Abakan
Abaza (town)|Abaza
Abdulino
Abinsk
Achinsk
Adygeysk
Agidel
Agryz
Ak-Dovurak
Akhtubinsk
Aksay, Rostov Oblast|Aksay
Alagir
Alapayevsk
Alatyr, Chuvash Republic|Alatyr
Aldan, Russia|Aldan
Aleksin
Alexandrov, Vladimir Oblast|Alexandrov
Alexandrovsk, Perm Krai|Alexandrovsk
Alexandrovsk-Sakhalinsky (town)|Alexandrovsk-Sakhalinsky
Alexeyevka, Belgorod Oblast|Alexeyevka
Aleysk
Almetyevsk
Alzamay
Amursk
Anadyr (town)|Anadyr
Anapa
Andreapol
Angarsk
Aniva
Anzhero-Sudzhensk
Apatity
Aprelevka
Apsheronsk
Aramil
Ardatov (town), Republic of Mordovia|Ardatov
Ardon, Republic of North Ossetia–Alania|Ardon
Argun, Chechen Republic|Argun
Arkadak
Arkhangelsk
Armavir, Russia|Armavir
Arsenyev
Arsk
Artyom, Russia|Artyom
Artyomovsk, Russia|Artyomovsk
Artyomovsky, Sverdlovsk Oblast|Artyomovsky
Arzamas
Asbest
Asha, Russia|Asha
Asino
Astrakhan
Atkarsk
Aznakayevo
Azov
Babayevo (town), Vologda Oblast|Babayevo
Babushkin (town)|Babushkin
Bagrationovsk
Bakal, Russia|Bakal
Baksan (town)|Baksan
Balabanovo, Kaluga Oblast|Balabanovo
Balakhna
Balakovo
Balashikha
Balashov (town)|Balashov
Baley, Russia|Baley
Baltiysk
Barabinsk
Barnaul
Barysh
Bataysk
Bavly
Baykalsk
Baymak
Belaya Kalitva
Belaya Kholunitsa
Belebey
Belgorod
Belinsky, Penza Oblast|Belinsky
Belogorsk, Amur Oblast|Belogorsk
Belokurikha
Belomorsk
Belorechensk, Krasnodar Krai|Belorechensk
Beloretsk
Belousovo, Kaluga Oblast|Belousovo
Belovo, Kemerovo Oblast|Belovo
Beloyarsky, Khanty-Mansi Autonomous Okrug|Beloyarsky
Belozersk
Bely, Tver Oblast|Bely
Belyov
Berdsk
Berezniki
Beryozovsky, Kemerovo Oblast|Berezovsky
Beryozovsky, Sverdlovsk Oblast|Berezovsky
Beslan
Bezhetsk
Bikin
Bilibino
Birobidzhan
Birsk
Biryuch
Biryusinsk
Biysk
Blagodarny, Stavropol Krai|Blagodarny
Blagoveshchensk
Blagoveshchensk, Republic of Bashkortostan|Blagoveshchensk
Bobrov, Bobrovsky District, Voronezh Oblast|Bobrov
Bodaybo
Bogdanovich (town)|Bogdanovich
Bogoroditsk
Bogorodsk, Bogorodsky District, Nizhny Novgorod Oblast|Bogorodsk
Bogotol
Boguchar
Boksitogorsk
Bolgar, Spassky District, Republic of Tatarstan|Bolgar
Bolkhov
Bologoye, Tver Oblast|Bologoye
Bolokhovo
Bolotnoye
Bolshoy Kamen
Bor, Nizhny Novgorod Oblast|Bor
Borisoglebsk
Borodino, Krasnoyarsk Krai|Borodino
Borovichi
Borovsk
Borzya
Bratsk
Bronnitsy
Bryansk
Budyonnovsk
Bugulma
Buguruslan
Buinsk, Republic of Tatarstan|Buinsk
Buturlinovka
Buy, Kostroma Oblast|Buy
Buynaksk
Buzuluk, Orenburg Oblast|Buzuluk
Chadan (town)|Chadan
Chapayevsk
Chaplygin, Lipetsk Oblast|Chaplygin
Chaykovsky, Perm Krai|Chaykovsky
Chebarkul
Cheboksary
Chegem
Chekalin
Chekhov, Moscow Oblast|Chekhov
Chelyabinsk
Cherdyn, Perm Krai|Cherdyn
Cheremkhovo, Irkutsk Oblast|Cheremkhovo
Cherepanovo, Novosibirsk Oblast|Cherepanovo
Cherepovets
Cherkessk
Chernogolovka
Chernogorsk
Chernushka, Chernushinsky District, Perm Krai|Chernushka
Chernyakhovsk
Chistopol
Chita, Zabaykalsky Krai|Chita
Chkalovsk, Russia|Chkalovsk
Chudovo, Chudovsky District, Novgorod Oblast|Chudovo
Chukhloma
Chulym, Chulymsky District, Novosibirsk Oblast|Chulym
Chusovoy
Chyormoz
Dagestanskiye Ogni
Dalmatovo
Dalnegorsk
Dalnerechensk
Danilov, Yaroslavl Oblast|Danilov
Dankov
Davlekanovo
Dedovsk
Degtyarsk
Demidov, Smolensk Oblast|Demidov
Derbent
Desnogorsk
Digora
Dimitrovgrad, Russia|Dimitrovgrad
Divnogorsk
Dmitriyev (town)|Dmitriyev
Dmitrov
Dmitrovsk
Dno
Dobryanka, Perm Krai|Dobryanka
Dolgoprudny
Dolinsk, Sakhalin Oblast|Dolinsk
Domodedovo (town)|Domodedovo
Donetsk, Russia|Donetsk
Donskoy, Tula Oblast|Donskoy
Dorogobuzh
Drezna
Dubna
Dubovka, Dubovsky District, Volgograd Oblast|Dubovka
Dudinka
Dukhovshchina, Smolensk Oblast|Dukhovshchina
Dyatkovo
Dyurtyuli
Dzerzhinsk, Russia|Dzerzhinsk
Dzerzhinsky, Moscow Oblast|Dzerzhinsky
Elektrogorsk
Elektrostal
Elektrougli
Elista
Engels, Saratov Oblast|Engels
Ertil, Voronezh Oblast|Ertil
Fatezh
Fokino, Bryansk Oblast|Fokino
Fokino, Primorsky Krai|Fokino
Frolovo
Fryazino
Furmanov, Ivanovo Oblast|Furmanov
Gadzhiyevo
Gagarin, Smolensk Oblast|Gagarin
Galich, Russia|Galich
Gatchina
Gavrilov Posad
Gavrilov-Yam
Gay, Orenburg Oblast|Gay
Gdov
Gelendzhik
Georgiyevsk
Glazov
Golitsyno, Moscow Oblast|Golitsyno
Gorbatov, Nizhny Novgorod Oblast|Gorbatov
Gorno-Altaysk
Gornozavodsk, Perm Krai|Gornozavodsk
Gornyak, Altai Krai|Gornyak
Gorodets, Nizhny Novgorod Oblast|Gorodets
Gorodishche, Gorodishchensky District, Penza Oblast|Gorodishche
Gorodovikovsk
Gorokhovets, Vladimir Oblast|Gorokhovets
Goryachy Klyuch, Krasnodar Krai|Goryachy Klyuch
Grayvoron
Gremyachinsk
Grozny
Gryazi
Gryazovets
Gubakha
Gubkin
Gubkinsky (town)|Gubkinsky
Gudermes
Gukovo
Gulkevichi
Guryevsk, Kaliningrad Oblast|Guryevsk
Guryevsk, Kemerovo Oblast|Guryevsk
Gus-Khrustalny (town)|Gus-Khrustalny
Gusev, Kaliningrad Oblast|Gusev
Gusinoozyorsk
Gvardeysk
Igarka
Ilansky (town)|Ilansky
Innopolis
Insar, Insarsky District, Republic of Mordovia|Insar
Inta
Inza, Russia|Inza
Ipatovo, Stavropol Krai|Ipatovo
Irbit
Irkutsk
Ishim, Tyumen Oblast|Ishim
Ishimbay
Isilkul
Iskitim
Istra, Istrinsky District, Moscow Oblast|Istra
Ivangorod
Ivanovo
Ivanteyevka, Moscow Oblast|Ivanteyevka
Ivdel
Izberbash
Izhevsk
Izobilny, Stavropol Krai|Izobilny
Kachkanar
Kadnikov
Kalach, Kalacheyevsky District, Voronezh Oblast|Kalach
Kalach-na-Donu
Kalachinsk
Kaliningrad
Kalininsk, Saratov Oblast|Kalininsk
Kaltan
Kaluga
Kalyazin
Kambarka
Kamenka, Kamensky District, Penza Oblast|Kamenka
Kamen-na-Obi
Kamennogorsk
Kamensk-Shakhtinsky
Kamensk-Uralsky
Kameshkovo, Vladimir Oblast|Kameshkovo
Kamyshin
Kamyshlov
Kamyzyak
Kanash
Kandalaksha
Kansk
Karabanovo, Vladimir Oblast|Karabanovo
Karabash, Chelyabinsk Oblast|Karabash
Karabulak, Republic of Ingushetia|Karabulak
Karachayevsk
Karachev
Karasuk, Novosibirsk Oblast|Karasuk
Kargat
Kargopol
Karpinsk
Kartaly
Kashin (town)|Kashin
Kashira
Kasimov
Kasli
Kaspiysk
Katav-Ivanovsk
Kataysk, Kurgan Oblast|Kataysk
Kazan
Kedrovy, Tomsk Oblast|Kedrovy
Kem, Russia|Kem
Kemerovo
Khabarovsk
Khadyzhensk
Khanty-Mansiysk
Kharabali
Kharovsk
Khasavyurt
Khilok, Zabaykalsky Krai|Khilok
Khimki
Kholm, Kholmsky District, Novgorod Oblast|Kholm
Kholmsk
Khotkovo, Moscow Oblast|Khotkovo
Khvalynsk
Kimovsk
Kimry
Kinel
Kineshma
Kingisepp
Kirensk
Kireyevsk
Kirillov (town)|Kirillov
Kirishi
Kirov, Kaluga Oblast|Kirov
Kirov, Kirov Oblast|Kirov
Kirovgrad
Kirovo-Chepetsk
Kirovsk, Leningrad Oblast|Kirovsk
Kirovsk, Murmansk Oblast|Kirovsk
Kirs, Russia|Kirs
Kirsanov
Kirzhach
Kiselyovsk
Kislovodsk
Kizel
Kizilyurt
Kizlyar
Klimovsk
Klin, Klinsky District, Moscow Oblast|Klin
Klintsy
Knyaginino, Nizhny Novgorod Oblast|Knyaginino
Kodinsk
Kogalym
Kokhma
Kola, Russia|Kola
Kolchugino, Vladimir Oblast|Kolchugino
Kologriv
Kolomna
Kolpashevo
Kolpino, Saint Petersburg|Kolpino
Kommunar, Gatchinsky District, Leningrad Oblast|Kommunar
Komsomolsk, Ivanovo Oblast|Komsomolsk
Komsomolsk-on-Amur
Konakovo
Kondopoga
Kondrovo, Kaluga Oblast|Kondrovo
Konstantinovsk
Kopeysk
Korablino, Korablinsky District, Ryazan Oblast|Korablino
Korenovsk
Korkino, Chelyabinsk Oblast|Korkino
Korocha
Korolyov, Moscow Oblast|Korolyov
Korsakov (town)|Korsakov
Koryazhma
Kosteryovo
Kostomuksha
Kostroma
Kotelnich
Kotelniki
Kotelnikovo, Volgograd Oblast|Kotelnikovo
Kotlas
Kotovo, Volgograd Oblast|Kotovo
Kotovsk, Russia|Kotovsk
Kovdor
Kovrov
Kovylkino
Kozelsk
Kozlovka, Kozlovsky District, Chuvash Republic|Kozlovka
Kozmodemyansk, Mari El Republic|Kozmodemyansk
Krasavino, Veliky Ustyug, Vologda Oblast|Krasavino
Krasnoarmeysk, Moscow Oblast|Krasnoarmeysk
Krasnoarmeysk, Saratov Oblast|Krasnoarmeysk
Krasnodar
Krasnogorsk, Moscow Oblast|Krasnogorsk
Krasnokamensk, Zabaykalsky Krai|Krasnokamensk
Krasnokamsk
Krasnoslobodsk, Volgograd Oblast|Krasnoslobodsk
Krasnoslobodsk, Republic of Mordovia|Krasnoslobodsk
Krasnoturyinsk
Krasnoufimsk
Krasnouralsk
Krasnovishersk
Krasnoyarsk
Krasnoye Selo
Krasnozavodsk
Krasnoznamensk, Kaliningrad Oblast|Krasnoznamensk
Krasnoznamensk, Moscow Oblast|Krasnoznamensk
Krasny Kholm, Krasnokholmsky District, Tver Oblast|Krasny Kholm
Krasny Kut, Saratov Oblast|Krasny Kut
Krasny Sulin
Kremyonki, Kaluga Oblast|Kremyonki
Kronstadt
Kropotkin, Krasnodar Krai|Kropotkin
Krymsk
Kstovo
Kubinka
Kudymkar
Kulebaki
Kumertau
Kungur
Kupino, Novosibirsk Oblast|Kupino
Kurchatov, Russia|Kurchatov
Kurgan, Kurgan Oblast|Kurgan
Kurganinsk
Kurilsk
Kurlovo (town), Vladimir Oblast|Kurlovo
Kurovskoye, Moscow Oblast|Kurovskoye
Kursk
Kurtamysh (town)|Kurtamysh
Kusa, Russia|Kusa
Kushva
Kuvandyk
Kuvshinovo, Kuvshinovsky District, Tver Oblast|Kuvshinovo
Kuybyshev, Novosibirsk Oblast|Kuybyshev
Kuznetsk
Kyakhta
Kyshtym
Kyzyl
Labinsk
Labytnangi
Ladushkin
Lagan, Russia|Lagan
Laishevo
Lakhdenpokhya
Lakinsk
Langepas
Lebedyan
Leninogorsk, Russia|Leninogorsk
Leninsk, Volgograd Oblast|Leninsk
Leninsk-Kuznetsky (city)|Leninsk-Kuznetsky
Lensk
Lermontov (town)|Lermontov
Lesnoy, Sverdlovsk Oblast|Lesnoy
Lesosibirsk
Lesozavodsk
Lgov, Kursk Oblast|Lgov
Likhoslavl
Likino-Dulyovo
Lipetsk
Lipki, Kireyevsky District, Tula Oblast|Lipki
Liski, Voronezh Oblast|Liski
Livny
Lobnya
Lodeynoye Pole
Lomonosov, Russia|Lomonosov
Losino-Petrovsky
Luga, Leningrad Oblast|Luga
Lukhovitsy
Lukoyanov
Luza, Luzsky District, Kirov Oblast|Luza
Lyantor
Lyskovo, Nizhny Novgorod Oblast|Lyskovo
Lysva
Lytkarino
Lyuban (town), Leningrad Oblast|Lyuban
Lyubertsy
Lyubim
Lyudinovo
Magadan
Magas
Magnitogorsk
Makarov, Russia|Makarov
Makaryev
Makhachkala
Makushino, Kurgan Oblast|Makushino
Malaya Vishera
Malgobek
Malmyzh, Kirov Oblast|Malmyzh
Maloarkhangelsk, Oryol Oblast|Maloarkhangelsk
Maloyaroslavets
Mamadysh
Mamonovo
Manturovo, Kostroma Oblast|Manturovo
Mariinsk
Mariinsky Posad
Marks, Russia|Marks
Maykop
Maysky, Kabardino-Balkar Republic|Maysky
Mednogorsk
Medvezhyegorsk
Medyn
Megion
Melenki, Vladimir Oblast|Melenki
Meleuz
Mendeleyevsk
Menzelinsk
Meshchovsk
Mezen, Mezensky District, Arkhangelsk Oblast|Mezen
Mezhdurechensk, Kemerovo Oblast|Mezhdurechensk
Mezhgorye, Republic of Bashkortostan|Mezhgorye
Mglin
Miass
Michurinsk
Mikhaylov, Ryazan Oblast|Mikhaylov
Mikhaylovka, Volgograd Oblast|Mikhaylovka
Mikhaylovsk, Sverdlovsk Oblast|Mikhaylovsk
Mikhaylovsk, Stavropol Krai|Mikhaylovsk
Mikun
Millerovo, Millerovsky District, Rostov Oblast|Millerovo
Mineralnye Vody
Minusinsk
Minyar
Mirny, Arkhangelsk Oblast|Mirny
Mirny, Sakha Republic|Mirny
Mogocha
Monchegorsk
Morozovsk
Morshansk
Mosalsk
Moskovsky, Moscow|Moskovsky
Moscow
Mozdok, Republic of North Ossetia–Alania|Mozdok
Mozhaysk
Mozhga
Mtsensk
Murashi, Kirov Oblast|Murashi
Muravlenko
Murmansk
Murom
Myshkin (town)|Myshkin
Myski
Mytishchi
Naberezhnye Chelny
Nadym
Nakhodka
Nalchik
Narimanov, Astrakhan Oblast|Narimanov
Naro-Fominsk
Nartkala
Naryan-Mar
Navashino
Navoloki, Ivanovo Oblast|Navoloki
Nazarovo, Krasnoyarsk Krai|Nazarovo
Nazran
Nazyvayevsk
Neftegorsk, Samara Oblast
Neftekamsk
Neftekumsk
Nefteyugansk
Nelidovo, Nelidovsky District, Tver Oblast|Nelidovo
Neman, Russia|Neman
Nerchinsk
Nerekhta, Kostroma Oblast|Nerekhta
Neryungri
Nesterov
Nevel (town)|Nevel
Nevelsk
Nevinnomyssk
Nevyansk
Neya (town)|Neya
Nikolayevsk
Nikolayevsk-on-Amur
Nikolsk, Vologda Oblast|Nikolsk
Nikolsk, Nikolsky District, Penza Oblast|Nikolsk
Nikolskoye, Tosnensky District, Leningrad Oblast|Nikolskoye
Nizhnekamsk
Nizhneudinsk
Nizhnevartovsk
Nizhniye Sergi
Nizhny Lomov
Nizhny Novgorod
Nizhny Tagil
Nizhnyaya Salda
Nizhnyaya Tura
Noginsk
Nolinsk
Norilsk
Novaya Ladoga
Novaya Lyalya
Novoalexandrovsk
Novoaltaysk
Novoanninsky (town)|Novoanninsky
Novocheboksarsk
Novocherkassk
Novodvinsk
Novokhopyorsk
Novokubansk
Novokuybyshevsk
Novokuznetsk
Novomichurinsk
Novomoskovsk, Russia|Novomoskovsk
Novopavlovsk
Novorossiysk
Novorzhev
Novoshakhtinsk
Novosibirsk
Novosil
Novosokolniki
Novotroitsk
Novoulyanovsk
Novouralsk
Novouzensk
Novovoronezh
Novozybkov
Novy Oskol
Novy Urengoy
Noyabrsk
Nurlat
Nyagan
Nyandoma
Nyazepetrovsk
Nytva
Nyurba
Ob, Russia|Ob
Obluchye, Jewish Autonomous Oblast|Obluchye
Obninsk
Oboyan
Ochyor
Odintsovo
Okha, Russia|Okha
Okhansk
Oktyabrsk
Oktyabrsky, Republic of Bashkortostan|Oktyabrsky
Okulovka (town), Novgorod Oblast|Okulovka
Olenegorsk, Murmansk Oblast|Olenegorsk
Olonets
Olyokminsk
Omsk
Omutninsk
Onega, Russia|Onega
Opochka
Orekhovo-Zuyevo
Oryol
Orenburg
Orlov, Kirov Oblast|Orlov
Orsk
Osa, Perm Krai|Osa
Osinniki
Ostashkov
Ostrogozhsk
Ostrov, Ostrovsky District, Pskov Oblast|Ostrov
Ostrovnoy, Murmansk Oblast|Ostrovnoy
Otradnoye, Kirovsky District, Leningrad Oblast|Otradnoye
Otradny, Samara Oblast|Otradny
Ozyorsk, Kaliningrad Oblast|Ozyorsk
Ozyorsk, Chelyabinsk Oblast|Ozyorsk
Ozherelye
Ozyory, Moscow Oblast|Ozyory
Pallasovka (town)|Pallasovka
Partizansk
Pavlovo, Pavlovsky District, Nizhny Novgorod Oblast|Pavlovo
Pavlovsk, Voronezh Oblast|Pavlovsk
Pavlovsk, Saint Petersburg|Pavlovsk
Pavlovsky Posad
Pechora
Pechory
Penza
Pereslavl-Zalessky
Peresvet
Perevoz, Nizhny Novgorod Oblast|Perevoz
Perm
Pervomaysk, Nizhny Novgorod Oblast|Pervomaysk
Pervouralsk
Pestovo, Pestovsky District, Novgorod Oblast|Pestovo
Petergof
Petropavlovsk-Kamchatsky
Petrov Val
Petrovsk, Saratov Oblast|Petrovsk
Petrovsk-Zabaykalsky (town)|Petrovsk-Zabaykalsky
Petrozavodsk
Petukhovo (town), Kurgan Oblast|Petukhovo
Petushki, Vladimir Oblast|Petushki
Pevek
Pikalyovo, Leningrad Oblast|Pikalyovo
Pionersky, Kaliningrad Oblast|Pionersky
Pitkyaranta
Plast (town)|Plast
Plavsk
Plyos, Ivanovo Oblast|Plyos
Pochep, Bryansk Oblast|Pochep
Pochinok, Pochinkovsky District, Smolensk Oblast|Pochinok
Podolsk
Podporozhye, Leningrad Oblast|Podporozhye
Pokachi
Pokhvistnevo, Samara Oblast|Pokhvistnevo
Pokrov, Vladimir Oblast|Pokrov
Pokrovsk, Sakha Republic|Pokrovsk
Polessk
Polevskoy
Polyarny, Murmansk Oblast|Polyarny
Polyarnye Zori
Polysayevo
Porkhov
Poronaysk
Poshekhonye
Povorino
Pravdinsk
Primorsk, Leningrad Oblast|Primorsk
Primorsko-Akhtarsk
Priozersk
Privolzhsk
Prokhladny, Kabardino-Balkar Republic|Prokhladny
Prokopyevsk
Proletarsk, Rostov Oblast|Proletarsk
Protvino
Pskov
Puchezh
Pudozh
Pugachyov
Pushchino
Pushkin, Saint Petersburg|Pushkin
Pushkino, Pushkinsky District, Moscow Oblast|Pushkino
Pustoshka, Pustoshkinsky District, Pskov Oblast|Pustoshka
Pyatigorsk
Pytalovo
Pyt-Yakh
Raduzhny, Vladimir Oblast|Raduzhny
Raduzhny, Khanty-Mansi Autonomous Okrug|Raduzhny
Ramenskoye, Moscow Oblast|Ramenskoye
Rasskazovo
Raychikhinsk
Reutov
Revda, Sverdlovsk Oblast|Revda
Rezh
Rodniki, Ivanovo Oblast|Rodniki
Roshal (town)|Roshal
Roslavl
Rossosh, Rossoshansky District, Voronezh Oblast|Rossosh
Rostov
Rostov-on-Don
Rtishchevo
Rubtsovsk
Rudnya, Rudnyansky District, Smolensk Oblast|Rudnya
Ruza, Ruzsky District, Moscow Oblast|Ruza
Ruzayevka
Ryazan
Ryazhsk
Rybinsk
Rybnoye, Ryazan Oblast|Rybnoye
Rylsk, Russia|Rylsk
Rzhev
Safonovo, Safonovsky District, Smolensk Oblast|Safonovo
Saint Petersburg
Salair (town)|Salair
Salavat, Russia|Salavat
Salekhard
Salsk
Samara, Russia|Samara
Saransk
Sarapul
Saratov
Sarov
Sasovo, Ryazan Oblast|Sasovo
Satka
Sayanogorsk
Sayansk
Sebezh
Segezha
Seltso
Semikarakorsk
Semiluki
Semyonov, Nizhny Novgorod Oblast|Semyonov
Sengiley
Serafimovich (town)|Serafimovich
Serdobsk
Sergach
Sergiyev Posad
Serov (town)|Serov
Serpukhov
Sertolovo
Sestroretsk
Severobaykalsk
Severodvinsk
Severo-Kurilsk
Severomorsk
Severouralsk
Seversk
Sevsk, Bryansk Oblast|Sevsk
Shadrinsk
Shagonar
Shakhtyorsk
Shakhty
Shakhunya
Shali, Chechen Republic|Shali
Sharya
Sharypovo, Krasnoyarsk Krai|Sharypovo
Shatsk, Russia|Shatsk
Shatura
Shcherbinka
Shchigry, Kursk Oblast|Shchigry
Shchuchye, Shchuchansky District, Kurgan Oblast|Shchuchye
Shchyokino (town), Tula Oblast|Shchyokino
Shchyolkovo
Shebekino
Shelekhov
Shenkursk
Shikhany
Shilka (town)|Shilka
Shimanovsk
Shlisselburg
Shumerlya
Shumikha, Kurgan Oblast|Shumikha
Shuya, Ivanovo Oblast|Shuya
Sibay
Sim, Chelyabinsk Oblast|Sim
Skopin
Skovorodino, Amur Oblast|Skovorodino
Slantsy, Leningrad Oblast|Slantsy
Slavgorod
Slavsk
Slavyansk-na-Kubani
Slobodskoy, Kirov Oblast|Slobodskoy
Slyudyanka, Slyudyansky District, Irkutsk Oblast|Slyudyanka
Smolensk
Snezhinsk
Snezhnogorsk, Murmansk Oblast|Snezhnogorsk
Sobinka
Sochi
Sokol, Vologda Oblast|Sokol
Sokolniki, Tula Oblast|Sokolniki
Soligalich
Solikamsk
Sol-Iletsk
Solnechnogorsk
Soltsy
Solvychegodsk
Sorochinsk
Sorsk
Sortavala
Sosensky, Kaluga Oblast|Sosensky
Sosnogorsk
Sosnovka, Vyatskopolyansky District, Kirov Oblast|Sosnovka
Sosnovoborsk, Krasnoyarsk Krai|Sosnovoborsk
Sosnovy Bor, Leningrad Oblast|Sosnovy Bor
Sovetsk, Kaliningrad Oblast|Sovetsk
Sovetsk, Kirov Oblast|Sovetsk
Sovetsk, Tula Oblast|Sovetsk
Sovetskaya Gavan
Sovetsky, Khanty-Mansi Autonomous Okrug|Sovetsky
Spas-Demensk
Spas-Klepiki
Spassk, Penza Oblast|Spassk
Spassk-Dalny
Spassk-Ryazansky
Srednekolymsk
Sredneuralsk
